{
  "id": 1132,
  "parent_id": 0,
  "status": "on-hold",
  "currency": "THB",
  "version": "9.2.3",
  "prices_include_tax": false,
  "date_created": "2025-01-30T13:29:49",
  "date_modified": "2025-01-30T13:29:50",
  "discount_total": "0.00",
  "discount_tax": "0.00",
  "shipping_total": "0.00",
  "shipping_tax": "0.00",
  "cart_tax": "0.00",
  "total": "11600.00",
  "total_tax": "0.00",
  "customer_id": 0,
  "order_key": "wc_order_olSRTXUbHvGQO",
  "billing": {
    "first_name": "มิตรภาพ",
    "last_name": "",
    "company": "",
    "address_1": "",
    "address_2": "",
    "city": "",
    "state": "",
    "postcode": "",
    "country": "",
    "email": "design@digihypedesign.com",
    "phone": "0827465994"
  },
  "shipping": {
    "first_name": "",
    "last_name": "",
    "company": "",
    "address_1": "",
    "address_2": "",
    "city": "",
    "state": "",
    "postcode": "",
    "country": "",
    "phone": ""
  },
  "payment_method": "omise_promptpay",
  "payment_method_title": "PromptPay",
  "transaction_id": "chrg_test_62kwh29essa0rpfr8fn",
  "customer_ip_address": "1.47.6.219",
  "customer_user_agent": "Mozilla/5.0 (Windows NT 10.0; Win64; x64) AppleWebKit/537.36 (KHTML, like Gecko) Chrome/132.0.0.0 Safari/537.36",
  "created_via": "checkout",
  "customer_note": "ไม่แพ้อาหาร แต่แพ้ยำ",
  "date_completed": null,
  "date_paid": null,
  "cart_hash": "5768c8c734fb9b60d3cbbaae96dcc0ad",
  "number": "1132",
  "meta_data": [
    {
      "id": 126,
      "key": "_wc_order_attribution_device_type",
      "value": "Desktop"
    },
    {
      "id": 124,
      "key": "_wc_order_attribution_session_count",
      "value": "1"
    },
    {
      "id": 121,
      "key": "_wc_order_attribution_session_entry",
      "value": "https://demo17.demodigihypedesign.com/"
    },
    {
      "id": 123,
      "key": "_wc_order_attribution_session_pages",
      "value": "5"
    },
    {
      "id": 122,
      "key": "_wc_order_attribution_session_start_time",
      "value": "2025-01-30 06:28:12"
    },
    {
      "id": 119,
      "key": "_wc_order_attribution_source_type",
      "value": "typein"
    },
    {
      "id": 125,
      "key": "_wc_order_attribution_user_agent",
      "value": "Mozilla/5.0 (Windows NT 10.0; Win64; x64) AppleWebKit/537.36 (KHTML, like Gecko) Chrome/132.0.0.0 Safari/537.36"
    },
    {
      "id": 120,
      "key": "_wc_order_attribution_utm_source",
      "value": "(direct)"
    },
    {
      "id": 127,
      "key": "is_omise_payment_resolved",
      "value": "yes"
    },
    {
      "id": 115,
      "key": "is_vat_exempt",
      "value": "no"
    },
    {
      "id": 118,
      "key": "note2",
      "value": "งานเลี้ยง\nผู้ชาย 1 ผู้หญิง 1"
    }
  ],
  "line_items": [
    {
      "id": 12,
      "name": "Course A",
      "product_id": 403,
      "variation_id": 0,
      "quantity": 2,
      "tax_class": "",
      "subtotal": "11600.00",
      "subtotal_tax": "0.00",
      "total": "11600.00",
      "total_tax": "0.00",
      "taxes": [],
      "meta_data": [
        {
          "id": 120,
          "key": "_appointment_id",
          "value": [
            1131
          ],
          "display_key": "_appointment_id",
          "display_value": [
            1131
          ]
        }
      ],
      "sku": "115063",
      "price": 5800,
      "image": {
        "id": "84",
        "src": "https://demo17.demodigihypedesign.com/wp-content/uploads/2024/07/1720779119595.jpg"
      },
      "parent_name": null
    }
  ],
  "tax_lines": [],
  "shipping_lines": [],
  "fee_lines": [],
  "coupon_lines": [],
  "refunds": [],
  "payment_url": "https://demo17.demodigihypedesign.com/checkout/order-pay/1132/?pay_for_order=true&key=wc_order_olSRTXUbHvGQO",
  "is_editable": true,
  "needs_payment": false,
  "needs_processing": true,
  "date_created_gmt": "2025-01-30T06:29:49",
  "date_modified_gmt": "2025-01-30T06:29:50",
  "date_completed_gmt": null,
  "date_paid_gmt": null,
  "currency_symbol": "฿",
  "_links": {
    "self": [
      {
        "href": "https://demo17.demodigihypedesign.com/wp-json/wc/v3/orders/1132",
        "targetHints": {
          "allow": [
            "GET",
            "POST",
            "PUT",
            "PATCH",
            "DELETE"
          ]
        }
      }
    ],
    "collection": [
      {
        "href": "https://demo17.demodigihypedesign.com/wp-json/wc/v3/orders"
      }
    ]
  }
}